ID,klantNaam
1,Alex Peeters
2,Sara Janssens
3,Mehmet Yilmaz
4,Noor De Smet
5,Liam Vermeulen
6,Emma Dubois
7,Yusuf Kaya
8,Marie Lambert
9,Sam Van den Broeck
10,Zoey Willems
11,Lucas Maes
12,Nina De Wilde
13,Amir Hassan
14,Lotte Declercq
15,Jonas De Ridder
16,Elif Demir
17,Thomas Jacobs
18,Aya Nakamura
19,Femke Kuipers
20,Adam Novak
21,Maria Rossi
22,Daniel Smith
23,Sofia Garcia
24,Marco Bianchi
25,Emily Johnson
26,David Brown
27,Anna Müller
28,Paul Schneider
29,Isabella Conti
30,Juan Martinez
31,Lucia Fernández
32,Oliver Wilson
33,Chloe Martin
34,Victor Ivanov
35,Elena Petrova
36,Andrei Popescu
37,Mateusz Kowalski
38,Katarzyna Nowak
39,Jan de Vries
40,Sanne Bakker
41,Lucas Pereira
42,Ana Silva
43,Pedro Costa
44,Tiago Santos
45,Francesco Romano
46,Giulia Moretti
47,George Papadopoulos
48,Eleni Nikolaou
49,Ahmed Ali
50,Omar Farouk
51,Karim Benali
52,Leila Haddad
53,Mohamed Salah
54,Yara Khoury
55,Chen Wei
56,Li Ming
57,Zhang Lei
58,Wang Yu
59,Hiroshi Tanaka
60,Yuki Sato
61,Kenji Nakamura
62,Aiko Suzuki
63,Min-jun Kim
64,Ji-ho Park
65,Soo-yeon Lee
66,Arjun Patel
67,Rahul Sharma
68,Priya Nair
69,Ananya Gupta
70,Carlos Hernández
71,Diego Alvarez
72,Valentina Rojas
73,Matías Gómez
74,José Luis Moreno
75,Juan Carlos Torres
76,Laura Sánchez
77,Michael O’Connor
78,Patrick Murphy
79,Sean Gallagher
80,Aoife Byrne
81,Lars Andersen
82,Mikkel Nielsen
83,Søren Kristensen
84,Ingrid Johansen
85,Erik Svensson
86,Anna Lindström
87,Johan Karlsson
88,Péter Nagy
89,Gábor Kovács
90,Eszter Tóth
91,Robert Lewandowski
92,Piotr Zielinski
93,Ivan Horvat
94,Marko Kovač
95,Nikola Jovanović
96,Stefan Petrović
97,Alexandru Ionescu
98,Ioana Marinescu
99,Victor Popa
100,Irina Stanescu
