{
  "generationParameters": {
    "generationDate": "Fri Jan 09 2026 12:26:26 GMT+0000 (Coordinated Universal Time)",
    "generatorPlatform": "SAP Business Application Studio",
    "serviceType": "Local CAP",
    "metadataFilename": "",
    "serviceUrl": "http://localhost:4004/odata/v4/applicatie/",
    "appName": "erp_project",
    "appTitle": "APMORROWLAND FESTIVAL MANAGEMENT COCKPIT",
    "appDescription": "Eind project ERP_Applications",
    "appNamespace": "my.project",
    "ui5Theme": "sap_horizon",
    "ui5Version": "1.136.8",
    "enableCodeAssist": false,
    "enableEslint": false,
    "enableTypeScript": false,
    "showMockDataInfo": false,
    "generatorVersion": "1.20.0",
    "template": "Basic V4",
    "generatorName": "SAP Fiori Application Generator",
    "entityRelatedConfig": [],
    "launchText": "To launch the generated app, start your CAP project:  and navigate to the following location in your browser:\n\nhttp://localhost:4004/erp_project/webapp/index.html"
  }
}
